CountyFIPS,State,County,StateName
17001,IL,ADAMS,Illinois
17003,IL,ALEXANDER,Illinois
17005,IL,BOND,Illinois
17007,IL,BOONE,Illinois
17009,IL,BROWN,Illinois
17011,IL,BUREAU,Illinois
17013,IL,CALHOUN,Illinois
17015,IL,CARROLL,Illinois
17017,IL,CASS,Illinois
17019,IL,CHAMPAIGN,Illinois
17021,IL,CHRISTIAN,Illinois
17023,IL,CLARK,Illinois
17025,IL,CLAY,Illinois
17027,IL,CLINTON,Illinois
17029,IL,COLES,Illinois
17031,IL,COOK,Illinois
17033,IL,CRAWFORD,Illinois
17035,IL,CUMBERLAND,Illinois
17039,IL,DE WITT,Illinois
17041,IL,DOUGLAS,Illinois
17045,IL,EDGAR,Illinois
17047,IL,EDWARDS,Illinois
17049,IL,EFFINGHAM,Illinois
17051,IL,FAYETTE,Illinois
17053,IL,FORD,Illinois
17055,IL,FRANKLIN,Illinois
17057,IL,FULTON,Illinois
17059,IL,GALLATIN,Illinois
17061,IL,GREENE,Illinois
17063,IL,GRUNDY,Illinois
17065,IL,HAMILTON,Illinois
17067,IL,HANCOCK,Illinois
17069,IL,HARDIN,Illinois
17071,IL,HENDERSON,Illinois
17073,IL,HENRY,Illinois
17075,IL,IROQUOIS,Illinois
17077,IL,JACKSON,Illinois
17079,IL,JASPER,Illinois
17081,IL,JEFFERSON,Illinois
17083,IL,JERSEY,Illinois
17085,IL,JO DAVIESS,Illinois
17087,IL,JOHNSON,Illinois
17089,IL,KANE,Illinois
17091,IL,KANKAKEE,Illinois
17093,IL,KENDALL,Illinois
17095,IL,KNOX,Illinois
17097,IL,LAKE,Illinois
17101,IL,LAWRENCE,Illinois
17103,IL,LEE,Illinois
17105,IL,LIVINGSTON,Illinois
17107,IL,LOGAN,Illinois
17109,IL,MCDONOUGH,Illinois
17111,IL,MCHENRY,Illinois
17113,IL,MCLEAN,Illinois
17115,IL,MACON,Illinois
17117,IL,MACOUPIN,Illinois
17119,IL,MADISON,Illinois
17121,IL,MARION,Illinois
17123,IL,MARSHALL,Illinois
17125,IL,MASON,Illinois
17127,IL,MASSAC,Illinois
17129,IL,MENARD,Illinois
17131,IL,MERCER,Illinois
17133,IL,MONROE,Illinois
17135,IL,MONTGOMERY,Illinois
17137,IL,MORGAN,Illinois
17139,IL,MOULTRIE,Illinois
17141,IL,OGLE,Illinois
17143,IL,PEORIA,Illinois
17145,IL,PERRY,Illinois
17147,IL,PIATT,Illinois
17149,IL,PIKE,Illinois
17151,IL,POPE,Illinois
17153,IL,PULASKI,Illinois
17155,IL,PUTNAM,Illinois
17157,IL,RANDOLPH,Illinois
17159,IL,RICHLAND,Illinois
17161,IL,ROCK ISLAND,Illinois
17165,IL,SALINE,Illinois
17167,IL,SANGAMON,Illinois
17169,IL,SCHUYLER,Illinois
17171,IL,SCOTT,Illinois
17173,IL,SHELBY,Illinois
17175,IL,STARK,Illinois
17177,IL,STEPHENSON,Illinois
17179,IL,TAZEWELL,Illinois
17181,IL,UNION,Illinois
17183,IL,VERMILION,Illinois
17185,IL,WABASH,Illinois
17187,IL,WARREN,Illinois
17189,IL,WASHINGTON,Illinois
17191,IL,WAYNE,Illinois
17193,IL,WHITE,Illinois
17195,IL,WHITESIDE,Illinois
17197,IL,WILL,Illinois
17199,IL,WILLIAMSON,Illinois
17201,IL,WINNEBAGO,Illinois
17203,IL,WOODFORD,Illinois
18001,IN,ADAMS,Indiana
18003,IN,ALLEN,Indiana
18005,IN,BARTHOLOMEW,Indiana
18007,IN,BENTON,Indiana
18009,IN,BLACKFORD,Indiana
18011,IN,BOONE,Indiana
18013,IN,BROWN,Indiana
18015,IN,CARROLL,Indiana
18017,IN,CASS,Indiana
18019,IN,CLARK,Indiana
18021,IN,CLAY,Indiana
18023,IN,CLINTON,Indiana
18025,IN,CRAWFORD,Indiana
18027,IN,DAVIESS,Indiana
18029,IN,DEARBORN,Indiana
18031,IN,DECATUR,Indiana
18035,IN,DELAWARE,Indiana
18037,IN,DUBOIS,Indiana
18039,IN,ELKHART,Indiana
18041,IN,FAYETTE,Indiana
18043,IN,FLOYD,Indiana
18045,IN,FOUNTAIN,Indiana
18047,IN,FRANKLIN,Indiana
18049,IN,FULTON,Indiana
18051,IN,GIBSON,Indiana
18053,IN,GRANT,Indiana
18055,IN,GREENE,Indiana
18057,IN,HAMILTON,Indiana
18059,IN,HANCOCK,Indiana
18061,IN,HARRISON,Indiana
18063,IN,HENDRICKS,Indiana
18065,IN,HENRY,Indiana
18067,IN,HOWARD,Indiana
18069,IN,HUNTINGTON,Indiana
18071,IN,JACKSON,Indiana
18073,IN,JASPER,Indiana
18075,IN,JAY,Indiana
18077,IN,JEFFERSON,Indiana
18079,IN,JENNINGS,Indiana
18081,IN,JOHNSON,Indiana
18083,IN,KNOX,Indiana
18085,IN,KOSCIUSKO,Indiana
18087,IN,LAGRANGE,Indiana
18089,IN,LAKE,Indiana
18093,IN,LAWRENCE,Indiana
18095,IN,MADISON,Indiana
18097,IN,MARION,Indiana
18099,IN,MARSHALL,Indiana
18101,IN,MARTIN,Indiana
18103,IN,MIAMI,Indiana
18105,IN,MONROE,Indiana
18107,IN,MONTGOMERY,Indiana
18109,IN,MORGAN,Indiana
18111,IN,NEWTON,Indiana
18113,IN,NOBLE,Indiana
18115,IN,OHIO,Indiana
18117,IN,ORANGE,Indiana
18119,IN,OWEN,Indiana
18121,IN,PARKE,Indiana
18123,IN,PERRY,Indiana
18125,IN,PIKE,Indiana
18127,IN,PORTER,Indiana
18129,IN,POSEY,Indiana
18131,IN,PULASKI,Indiana
18133,IN,PUTNAM,Indiana
18135,IN,RANDOLPH,Indiana
18137,IN,RIPLEY,Indiana
18139,IN,RUSH,Indiana
18141,IN,ST. JOSEPH,Indiana
18143,IN,SCOTT,Indiana
18145,IN,SHELBY,Indiana
18147,IN,SPENCER,Indiana
18149,IN,STARKE,Indiana
18151,IN,STEUBEN,Indiana
18153,IN,SULLIVAN,Indiana
18155,IN,SWITZERLAND,Indiana
18157,IN,TIPPECANOE,Indiana
18159,IN,TIPTON,Indiana
18161,IN,UNION,Indiana
18163,IN,VANDERBURGH,Indiana
18165,IN,VERMILLION,Indiana
18167,IN,VIGO,Indiana
18169,IN,WABASH,Indiana
18171,IN,WARREN,Indiana
18173,IN,WARRICK,Indiana
18175,IN,WASHINGTON,Indiana
18177,IN,WAYNE,Indiana
18179,IN,WELLS,Indiana
18181,IN,WHITE,Indiana
18183,IN,WHITLEY,Indiana
19001,IA,ADAIR,Iowa
19003,IA,ADAMS,Iowa
19005,IA,ALLAMAKEE,Iowa
19007,IA,APPANOOSE,Iowa
19009,IA,AUDUBON,Iowa
19011,IA,BENTON,Iowa
19013,IA,BLACK HAWK,Iowa
19015,IA,BOONE,Iowa
19017,IA,BREMER,Iowa
19019,IA,BUCHANAN,Iowa
19021,IA,BUENA VISTA,Iowa
19023,IA,BUTLER,Iowa
19025,IA,CALHOUN,Iowa
19027,IA,CARROLL,Iowa
19029,IA,CASS,Iowa
19031,IA,CEDAR,Iowa
19033,IA,CERRO GORDO,Iowa
19035,IA,CHEROKEE,Iowa
19037,IA,CHICKASAW,Iowa
19039,IA,CLARKE,Iowa
19041,IA,CLAY,Iowa
19043,IA,CLAYTON,Iowa
19045,IA,CLINTON,Iowa
19047,IA,CRAWFORD,Iowa
19049,IA,DALLAS,Iowa
19051,IA,DAVIS,Iowa
19053,IA,DECATUR,Iowa
19055,IA,DELAWARE,Iowa
19057,IA,DES MOINES,Iowa
19059,IA,DICKINSON,Iowa
19061,IA,DUBUQUE,Iowa
19063,IA,EMMET,Iowa
19065,IA,FAYETTE,Iowa
19067,IA,FLOYD,Iowa
19069,IA,FRANKLIN,Iowa
19071,IA,FREMONT,Iowa
19073,IA,GREENE,Iowa
19075,IA,GRUNDY,Iowa
19077,IA,GUTHRIE,Iowa
19079,IA,HAMILTON,Iowa
19081,IA,HANCOCK,Iowa
19083,IA,HARDIN,Iowa
19085,IA,HARRISON,Iowa
19087,IA,HENRY,Iowa
19089,IA,HOWARD,Iowa
19091,IA,HUMBOLDT,Iowa
19093,IA,IDA,Iowa
19095,IA,IOWA,Iowa
19097,IA,JACKSON,Iowa
19099,IA,JASPER,Iowa
19101,IA,JEFFERSON,Iowa
19103,IA,JOHNSON,Iowa
19105,IA,JONES,Iowa
19107,IA,KEOKUK,Iowa
19109,IA,KOSSUTH,Iowa
19111,IA,LEE,Iowa
19113,IA,LINN,Iowa
19115,IA,LOUISA,Iowa
19117,IA,LUCAS,Iowa
19119,IA,LYON,Iowa
19121,IA,MADISON,Iowa
19123,IA,MAHASKA,Iowa
19125,IA,MARION,Iowa
19127,IA,MARSHALL,Iowa
19129,IA,MILLS,Iowa
19131,IA,MITCHELL,Iowa
19133,IA,MONONA,Iowa
19135,IA,MONROE,Iowa
19137,IA,MONTGOMERY,Iowa
19139,IA,MUSCATINE,Iowa
19143,IA,OSCEOLA,Iowa
19145,IA,PAGE,Iowa
19147,IA,PALO ALTO,Iowa
19149,IA,PLYMOUTH,Iowa
19151,IA,POCAHONTAS,Iowa
19153,IA,POLK,Iowa
19155,IA,POTTAWATTAMIE,Iowa
19157,IA,POWESHIEK,Iowa
19159,IA,RINGGOLD,Iowa
19161,IA,SAC,Iowa
19163,IA,SCOTT,Iowa
19165,IA,SHELBY,Iowa
19167,IA,SIOUX,Iowa
19169,IA,STORY,Iowa
19171,IA,TAMA,Iowa
19173,IA,TAYLOR,Iowa
19175,IA,UNION,Iowa
19177,IA,VAN BUREN,Iowa
19179,IA,WAPELLO,Iowa
19181,IA,WARREN,Iowa
19183,IA,WASHINGTON,Iowa
19185,IA,WAYNE,Iowa
19187,IA,WEBSTER,Iowa
19189,IA,WINNEBAGO,Iowa
19191,IA,WINNESHIEK,Iowa
19193,IA,WOODBURY,Iowa
19195,IA,WORTH,Iowa
19197,IA,WRIGHT,Iowa
20001,KS,ALLEN,Kansas
20003,KS,ANDERSON,Kansas
20005,KS,ATCHISON,Kansas
20007,KS,BARBER,Kansas
20009,KS,BARTON,Kansas
20011,KS,BOURBON,Kansas
20013,KS,BROWN,Kansas
20015,KS,BUTLER,Kansas
20017,KS,CHASE,Kansas
20019,KS,CHAUTAUQUA,Kansas
20021,KS,CHEROKEE,Kansas
20023,KS,CHEYENNE,Kansas
20025,KS,CLARK,Kansas
20027,KS,CLAY,Kansas
20029,KS,CLOUD,Kansas
20031,KS,COFFEY,Kansas
20033,KS,COMANCHE,Kansas
20035,KS,COWLEY,Kansas
20037,KS,CRAWFORD,Kansas
20039,KS,DECATUR,Kansas
20041,KS,DICKINSON,Kansas
20043,KS,DONIPHAN,Kansas
20045,KS,DOUGLAS,Kansas
20047,KS,EDWARDS,Kansas
20049,KS,ELK,Kansas
20051,KS,ELLIS,Kansas
20053,KS,ELLSWORTH,Kansas
20055,KS,FINNEY,Kansas
20057,KS,FORD,Kansas
20059,KS,FRANKLIN,Kansas
20061,KS,GEARY,Kansas
20063,KS,GOVE,Kansas
20065,KS,GRAHAM,Kansas
20067,KS,GRANT,Kansas
20069,KS,GRAY,Kansas
20071,KS,GREELEY,Kansas
20073,KS,GREENWOOD,Kansas
20075,KS,HAMILTON,Kansas
20077,KS,HARPER,Kansas
20079,KS,HARVEY,Kansas
20081,KS,HASKELL,Kansas
20083,KS,HODGEMAN,Kansas
20085,KS,JACKSON,Kansas
20087,KS,JEFFERSON,Kansas
20089,KS,JEWELL,Kansas
20091,KS,JOHNSON,Kansas
20093,KS,KEARNY,Kansas
20095,KS,KINGMAN,Kansas
20097,KS,KIOWA,Kansas
20099,KS,LABETTE,Kansas
20101,KS,LANE,Kansas
20103,KS,LEAVENWORTH,Kansas
20105,KS,LINCOLN,Kansas
20107,KS,LINN,Kansas
20109,KS,LOGAN,Kansas
20111,KS,LYON,Kansas
20113,KS,MCPHERSON,Kansas
20115,KS,MARION,Kansas
20117,KS,MARSHALL,Kansas
20119,KS,MEADE,Kansas
20121,KS,MIAMI,Kansas
20123,KS,MITCHELL,Kansas
20125,KS,MONTGOMERY,Kansas
20127,KS,MORRIS,Kansas
20129,KS,MORTON,Kansas
20131,KS,NEMAHA,Kansas
20133,KS,NEOSHO,Kansas
20135,KS,NESS,Kansas
20137,KS,NORTON,Kansas
20139,KS,OSAGE,Kansas
20141,KS,OSBORNE,Kansas
20143,KS,OTTAWA,Kansas
20145,KS,PAWNEE,Kansas
20147,KS,PHILLIPS,Kansas
20149,KS,POTTAWATOMIE,Kansas
20151,KS,PRATT,Kansas
20153,KS,RAWLINS,Kansas
20155,KS,RENO,Kansas
20157,KS,REPUBLIC,Kansas
20159,KS,RICE,Kansas
20161,KS,RILEY,Kansas
20163,KS,ROOKS,Kansas
20165,KS,RUSH,Kansas
20167,KS,RUSSELL,Kansas
20169,KS,SALINE,Kansas
20171,KS,SCOTT,Kansas
20173,KS,SEDGWICK,Kansas
20175,KS,SEWARD,Kansas
20177,KS,SHAWNEE,Kansas
20179,KS,SHERIDAN,Kansas
20181,KS,SHERMAN,Kansas
20183,KS,SMITH,Kansas
20185,KS,STAFFORD,Kansas
20187,KS,STANTON,Kansas
20189,KS,STEVENS,Kansas
20191,KS,SUMNER,Kansas
20193,KS,THOMAS,Kansas
20195,KS,TREGO,Kansas
20197,KS,WABAUNSEE,Kansas
20199,KS,WALLACE,Kansas
20201,KS,WASHINGTON,Kansas
20203,KS,WICHITA,Kansas
20205,KS,WILSON,Kansas
20207,KS,WOODSON,Kansas
20209,KS,WYANDOTTE,Kansas
21001,KY,ADAIR,Kentucky
21003,KY,ALLEN,Kentucky
21005,KY,ANDERSON,Kentucky
21007,KY,BALLARD,Kentucky
21009,KY,BARREN,Kentucky
21011,KY,BATH,Kentucky
21013,KY,BELL,Kentucky
21015,KY,BOONE,Kentucky
21017,KY,BOURBON,Kentucky
21019,KY,BOYD,Kentucky
21021,KY,BOYLE,Kentucky
21023,KY,BRACKEN,Kentucky
21025,KY,BREATHITT,Kentucky
21027,KY,BRECKINRIDGE,Kentucky
21029,KY,BULLITT,Kentucky
21031,KY,BUTLER,Kentucky
21033,KY,CALDWELL,Kentucky
21035,KY,CALLOWAY,Kentucky
21037,KY,CAMPBELL,Kentucky
21039,KY,CARLISLE,Kentucky
21041,KY,CARROLL,Kentucky
21043,KY,CARTER,Kentucky
21045,KY,CASEY,Kentucky
21047,KY,CHRISTIAN,Kentucky
21049,KY,CLARK,Kentucky
21051,KY,CLAY,Kentucky
21053,KY,CLINTON,Kentucky
21055,KY,CRITTENDEN,Kentucky
21057,KY,CUMBERLAND,Kentucky
21059,KY,DAVIESS,Kentucky
21061,KY,EDMONSON,Kentucky
21063,KY,ELLIOTT,Kentucky
21065,KY,ESTILL,Kentucky
21067,KY,FAYETTE,Kentucky
21069,KY,FLEMING,Kentucky
21071,KY,FLOYD,Kentucky
21073,KY,FRANKLIN,Kentucky
21075,KY,FULTON,Kentucky
21077,KY,GALLATIN,Kentucky
21079,KY,GARRARD,Kentucky
21081,KY,GRANT,Kentucky
21083,KY,GRAVES,Kentucky
21085,KY,GRAYSON,Kentucky
21087,KY,GREEN,Kentucky
21089,KY,GREENUP,Kentucky
21091,KY,HANCOCK,Kentucky
21093,KY,HARDIN,Kentucky
21097,KY,HARRISON,Kentucky
21099,KY,HART,Kentucky
21101,KY,HENDERSON,Kentucky
21103,KY,HENRY,Kentucky
21105,KY,HICKMAN,Kentucky
21107,KY,HOPKINS,Kentucky
21109,KY,JACKSON,Kentucky
21111,KY,JEFFERSON,Kentucky
21113,KY,JESSAMINE,Kentucky
21115,KY,JOHNSON,Kentucky
21117,KY,KENTON,Kentucky
21119,KY,KNOTT,Kentucky
21121,KY,KNOX,Kentucky
21123,KY,LARUE,Kentucky
21125,KY,LAUREL,Kentucky
21127,KY,LAWRENCE,Kentucky
21129,KY,LEE,Kentucky
21135,KY,LEWIS,Kentucky
21137,KY,LINCOLN,Kentucky
21139,KY,LIVINGSTON,Kentucky
21141,KY,LOGAN,Kentucky
21143,KY,LYON,Kentucky
21145,KY,MCCRACKEN,Kentucky
21147,KY,MCCREARY,Kentucky
21149,KY,MCLEAN,Kentucky
21151,KY,MADISON,Kentucky
21153,KY,MAGOFFIN,Kentucky
21155,KY,MARION,Kentucky
21157,KY,MARSHALL,Kentucky
21161,KY,MASON,Kentucky
21163,KY,MEADE,Kentucky
21165,KY,MENIFEE,Kentucky
21167,KY,MERCER,Kentucky
21169,KY,METCALFE,Kentucky
21171,KY,MONROE,Kentucky
21173,KY,MONTGOMERY,Kentucky
21175,KY,MORGAN,Kentucky
21177,KY,MUHLENBERG,Kentucky
21179,KY,NELSON,Kentucky
21181,KY,NICHOLAS,Kentucky
21183,KY,OHIO,Kentucky
21185,KY,OLDHAM,Kentucky
21187,KY,OWEN,Kentucky
21189,KY,OWSLEY,Kentucky
21191,KY,PENDLETON,Kentucky
21197,KY,POWELL,Kentucky
21199,KY,PULASKI,Kentucky
21201,KY,ROBERTSON,Kentucky
21203,KY,ROCKCASTLE,Kentucky
21205,KY,ROWAN,Kentucky
21207,KY,RUSSELL,Kentucky
21209,KY,SCOTT,Kentucky
21211,KY,SHELBY,Kentucky
21213,KY,SIMPSON,Kentucky
21215,KY,SPENCER,Kentucky
21217,KY,TAYLOR,Kentucky
21219,KY,TODD,Kentucky
21221,KY,TRIGG,Kentucky
21223,KY,TRIMBLE,Kentucky
21225,KY,UNION,Kentucky
21227,KY,WARREN,Kentucky
21229,KY,WASHINGTON,Kentucky
21231,KY,WAYNE,Kentucky
21233,KY,WEBSTER,Kentucky
21235,KY,WHITLEY,Kentucky
21237,KY,WOLFE,Kentucky
21239,KY,WOODFORD,Kentucky
26001,MI,ALCONA,Michigan
26003,MI,ALGER,Michigan
26005,MI,ALLEGAN,Michigan
26007,MI,ALPENA,Michigan
26009,MI,ANTRIM,Michigan
26011,MI,ARENAC,Michigan
26013,MI,BARAGA,Michigan
26015,MI,BARRY,Michigan
26017,MI,BAY,Michigan
26019,MI,BENZIE,Michigan
26021,MI,BERRIEN,Michigan
26023,MI,BRANCH,Michigan
26025,MI,CALHOUN,Michigan
26027,MI,CASS,Michigan
26029,MI,CHARLEVOIX,Michigan
26031,MI,CHEBOYGAN,Michigan
26033,MI,CHIPPEWA,Michigan
26035,MI,CLARE,Michigan
26037,MI,CLINTON,Michigan
26039,MI,CRAWFORD,Michigan
26041,MI,DELTA,Michigan
26043,MI,DICKINSON,Michigan
26045,MI,EATON,Michigan
26047,MI,EMMET,Michigan
26049,MI,GENESEE,Michigan
26051,MI,GLADWIN,Michigan
26053,MI,GOGEBIC,Michigan
26055,MI,GRAND TRAVERSE,Michigan
26057,MI,GRATIOT,Michigan
26059,MI,HILLSDALE,Michigan
26061,MI,HOUGHTON,Michigan
26063,MI,HURON,Michigan
26065,MI,INGHAM,Michigan
26067,MI,IONIA,Michigan
26069,MI,IOSCO,Michigan
26071,MI,IRON,Michigan
26073,MI,ISABELLA,Michigan
26075,MI,JACKSON,Michigan
26077,MI,KALAMAZOO,Michigan
26079,MI,KALKASKA,Michigan
26081,MI,KENT,Michigan
26085,MI,LAKE,Michigan
26087,MI,LAPEER,Michigan
26089,MI,LEELANAU,Michigan
26091,MI,LENAWEE,Michigan
26093,MI,LIVINGSTON,Michigan
26095,MI,LUCE,Michigan
26097,MI,MACKINAC,Michigan
26099,MI,MACOMB,Michigan
26101,MI,MANISTEE,Michigan
26103,MI,MARQUETTE,Michigan
26105,MI,MASON,Michigan
26107,MI,MECOSTA,Michigan
26109,MI,MENOMINEE,Michigan
26111,MI,MIDLAND,Michigan
26113,MI,MISSAUKEE,Michigan
26115,MI,MONROE,Michigan
26117,MI,MONTCALM,Michigan
26119,MI,MONTMORENCY,Michigan
26121,MI,MUSKEGON,Michigan
26123,MI,NEWAYGO,Michigan
26125,MI,OAKLAND,Michigan
26127,MI,OCEANA,Michigan
26129,MI,OGEMAW,Michigan
26131,MI,ONTONAGON,Michigan
26133,MI,OSCEOLA,Michigan
26135,MI,OSCODA,Michigan
26137,MI,OTSEGO,Michigan
26139,MI,OTTAWA,Michigan
26141,MI,PRESQUE ISLE,Michigan
26143,MI,ROSCOMMON,Michigan
26145,MI,SAGINAW,Michigan
26151,MI,SANILAC,Michigan
26153,MI,SCHOOLCRAFT,Michigan
26155,MI,SHIAWASSEE,Michigan
26157,MI,TUSCOLA,Michigan
26159,MI,VAN BUREN,Michigan
26161,MI,WASHTENAW,Michigan
26163,MI,WAYNE,Michigan
26165,MI,WEXFORD,Michigan
27001,MN,AITKIN,Minnesota
27003,MN,ANOKA,Minnesota
27005,MN,BECKER,Minnesota
27007,MN,BELTRAMI,Minnesota
27009,MN,BENTON,Minnesota
27011,MN,BIG STONE,Minnesota
27013,MN,BLUE EARTH,Minnesota
27015,MN,BROWN,Minnesota
27017,MN,CARLTON,Minnesota
27019,MN,CARVER,Minnesota
27021,MN,CASS,Minnesota
27023,MN,CHIPPEWA,Minnesota
27025,MN,CHISAGO,Minnesota
27027,MN,CLAY,Minnesota
27029,MN,CLEARWATER,Minnesota
27033,MN,COTTONWOOD,Minnesota
27035,MN,CROW WING,Minnesota
27037,MN,DAKOTA,Minnesota
27039,MN,DODGE,Minnesota
27041,MN,DOUGLAS,Minnesota
27043,MN,FARIBAULT,Minnesota
27045,MN,FILLMORE,Minnesota
27047,MN,FREEBORN,Minnesota
27049,MN,GOODHUE,Minnesota
27051,MN,GRANT,Minnesota
27053,MN,HENNEPIN,Minnesota
27055,MN,HOUSTON,Minnesota
27057,MN,HUBBARD,Minnesota
27059,MN,ISANTI,Minnesota
27061,MN,ITASCA,Minnesota
27063,MN,JACKSON,Minnesota
27065,MN,KANABEC,Minnesota
27067,MN,KANDIYOHI,Minnesota
27069,MN,KITTSON,Minnesota
27071,MN,KOOCHICHING,Minnesota
27073,MN,LAC QUI PARLE,Minnesota
27077,MN,LAKE OF THE WOODS,Minnesota
27079,MN,LE SUEUR,Minnesota
27081,MN,LINCOLN,Minnesota
27083,MN,LYON,Minnesota
27085,MN,MCLEOD,Minnesota
27087,MN,MAHNOMEN,Minnesota
27089,MN,MARSHALL,Minnesota
27091,MN,MARTIN,Minnesota
27093,MN,MEEKER,Minnesota
27095,MN,MILLE LACS,Minnesota
27097,MN,MORRISON,Minnesota
27099,MN,MOWER,Minnesota
27101,MN,MURRAY,Minnesota
27103,MN,NICOLLET,Minnesota
27105,MN,NOBLES,Minnesota
27107,MN,NORMAN,Minnesota
27109,MN,OLMSTED,Minnesota
27111,MN,OTTER TAIL,Minnesota
27113,MN,PENNINGTON,Minnesota
27115,MN,PINE,Minnesota
27117,MN,PIPESTONE,Minnesota
27119,MN,POLK,Minnesota
27121,MN,POPE,Minnesota
27123,MN,RAMSEY,Minnesota
27125,MN,RED LAKE,Minnesota
27127,MN,REDWOOD,Minnesota
27129,MN,RENVILLE,Minnesota
27131,MN,RICE,Minnesota
27133,MN,ROCK,Minnesota
27135,MN,ROSEAU,Minnesota
27137,MN,ST. LOUIS,Minnesota
27139,MN,SCOTT,Minnesota
27141,MN,SHERBURNE,Minnesota
27143,MN,SIBLEY,Minnesota
27145,MN,STEARNS,Minnesota
27147,MN,STEELE,Minnesota
27149,MN,STEVENS,Minnesota
27151,MN,SWIFT,Minnesota
27153,MN,TODD,Minnesota
27155,MN,TRAVERSE,Minnesota
27157,MN,WABASHA,Minnesota
27159,MN,WADENA,Minnesota
27161,MN,WASECA,Minnesota
27163,MN,WASHINGTON,Minnesota
27165,MN,WATONWAN,Minnesota
27167,MN,WILKIN,Minnesota
27169,MN,WINONA,Minnesota
27171,MN,WRIGHT,Minnesota
27173,MN,YELLOW MEDICINE,Minnesota
29001,MO,ADAIR,Missouri
29003,MO,ANDREW,Missouri
29005,MO,ATCHISON,Missouri
29007,MO,AUDRAIN,Missouri
29009,MO,BARRY,Missouri
29011,MO,BARTON,Missouri
29013,MO,BATES,Missouri
29015,MO,BENTON,Missouri
29017,MO,BOLLINGER,Missouri
29019,MO,BOONE,Missouri
29021,MO,BUCHANAN,Missouri
29023,MO,BUTLER,Missouri
29025,MO,CALDWELL,Missouri
29027,MO,CALLAWAY,Missouri
29029,MO,CAMDEN,Missouri
29031,MO,CAPE GIRARDEAU,Missouri
29033,MO,CARROLL,Missouri
29035,MO,CARTER,Missouri
29037,MO,CASS,Missouri
29039,MO,CEDAR,Missouri
29041,MO,CHARITON,Missouri
29043,MO,CHRISTIAN,Missouri
29045,MO,CLARK,Missouri
29047,MO,CLAY,Missouri
29049,MO,CLINTON,Missouri
29051,MO,COLE,Missouri
29053,MO,COOPER,Missouri
29055,MO,CRAWFORD,Missouri
29057,MO,DADE,Missouri
29059,MO,DALLAS,Missouri
29061,MO,DAVIESS,Missouri
29065,MO,DENT,Missouri
29067,MO,DOUGLAS,Missouri
29069,MO,DUNKLIN,Missouri
29071,MO,FRANKLIN,Missouri
29073,MO,GASCONADE,Missouri
29075,MO,GENTRY,Missouri
29077,MO,GREENE,Missouri
29079,MO,GRUNDY,Missouri
29081,MO,HARRISON,Missouri
29083,MO,HENRY,Missouri
29085,MO,HICKORY,Missouri
29087,MO,HOLT,Missouri
29089,MO,HOWARD,Missouri
29091,MO,HOWELL,Missouri
29093,MO,IRON,Missouri
29095,MO,JACKSON,Missouri
29097,MO,JASPER,Missouri
29099,MO,JEFFERSON,Missouri
29101,MO,JOHNSON,Missouri
29103,MO,KNOX,Missouri
29105,MO,LACLEDE,Missouri
29107,MO,LAFAYETTE,Missouri
29109,MO,LAWRENCE,Missouri
29111,MO,LEWIS,Missouri
29113,MO,LINCOLN,Missouri
29115,MO,LINN,Missouri
29117,MO,LIVINGSTON,Missouri
29119,MO,MCDONALD,Missouri
29121,MO,MACON,Missouri
29123,MO,MADISON,Missouri
29125,MO,MARIES,Missouri
29127,MO,MARION,Missouri
29129,MO,MERCER,Missouri
29131,MO,MILLER,Missouri
29133,MO,MISSISSIPPI,Missouri
29135,MO,MONITEAU,Missouri
29137,MO,MONROE,Missouri
29139,MO,MONTGOMERY,Missouri
29141,MO,MORGAN,Missouri
29143,MO,NEW MADRID,Missouri
29145,MO,NEWTON,Missouri
29147,MO,NODAWAY,Missouri
29149,MO,OREGON,Missouri
29151,MO,OSAGE,Missouri
29153,MO,OZARK,Missouri
29155,MO,PEMISCOT,Missouri
29157,MO,PERRY,Missouri
29159,MO,PETTIS,Missouri
29161,MO,PHELPS,Missouri
29163,MO,PIKE,Missouri
29165,MO,PLATTE,Missouri
29167,MO,POLK,Missouri
29169,MO,PULASKI,Missouri
29171,MO,PUTNAM,Missouri
29173,MO,RALLS,Missouri
29175,MO,RANDOLPH,Missouri
29177,MO,RAY,Missouri
29179,MO,REYNOLDS,Missouri
29181,MO,RIPLEY,Missouri
29186,MO,STE. GENEVIEVE,Missouri
29195,MO,SALINE,Missouri
29197,MO,SCHUYLER,Missouri
29199,MO,SCOTLAND,Missouri
29201,MO,SCOTT,Missouri
29203,MO,SHANNON,Missouri
29205,MO,SHELBY,Missouri
29207,MO,STODDARD,Missouri
29209,MO,STONE,Missouri
29211,MO,SULLIVAN,Missouri
29213,MO,TANEY,Missouri
29215,MO,TEXAS,Missouri
29217,MO,VERNON,Missouri
29219,MO,WARREN,Missouri
29221,MO,WASHINGTON,Missouri
29223,MO,WAYNE,Missouri
29225,MO,WEBSTER,Missouri
29227,MO,WORTH,Missouri
29229,MO,WRIGHT,Missouri
31001,NE,ADAMS,Nebraska
31003,NE,ANTELOPE,Nebraska
31005,NE,ARTHUR,Nebraska
31007,NE,BANNER,Nebraska
31009,NE,BLAINE,Nebraska
31011,NE,BOONE,Nebraska
31013,NE,BOX BUTTE,Nebraska
31015,NE,BOYD,Nebraska
31017,NE,BROWN,Nebraska
31019,NE,BUFFALO,Nebraska
31021,NE,BURT,Nebraska
31023,NE,BUTLER,Nebraska
31025,NE,CASS,Nebraska
31027,NE,CEDAR,Nebraska
31029,NE,CHASE,Nebraska
31031,NE,CHERRY,Nebraska
31033,NE,CHEYENNE,Nebraska
31035,NE,CLAY,Nebraska
31037,NE,COLFAX,Nebraska
31039,NE,CUMING,Nebraska
31041,NE,CUSTER,Nebraska
31043,NE,DAKOTA,Nebraska
31045,NE,DAWES,Nebraska
31047,NE,DAWSON,Nebraska
31049,NE,DEUEL,Nebraska
31051,NE,DIXON,Nebraska
31053,NE,DODGE,Nebraska
31055,NE,DOUGLAS,Nebraska
31057,NE,DUNDY,Nebraska
31059,NE,FILLMORE,Nebraska
31061,NE,FRANKLIN,Nebraska
31063,NE,FRONTIER,Nebraska
31065,NE,FURNAS,Nebraska
31067,NE,GAGE,Nebraska
31069,NE,GARDEN,Nebraska
31071,NE,GARFIELD,Nebraska
31073,NE,GOSPER,Nebraska
31075,NE,GRANT,Nebraska
31077,NE,GREELEY,Nebraska
31079,NE,HALL,Nebraska
31081,NE,HAMILTON,Nebraska
31083,NE,HARLAN,Nebraska
31085,NE,HAYES,Nebraska
31087,NE,HITCHCOCK,Nebraska
31089,NE,HOLT,Nebraska
31091,NE,HOOKER,Nebraska
31093,NE,HOWARD,Nebraska
31095,NE,JEFFERSON,Nebraska
31097,NE,JOHNSON,Nebraska
31099,NE,KEARNEY,Nebraska
31101,NE,KEITH,Nebraska
31103,NE,KEYA PAHA,Nebraska
31105,NE,KIMBALL,Nebraska
31107,NE,KNOX,Nebraska
31109,NE,LANCASTER,Nebraska
31111,NE,LINCOLN,Nebraska
31113,NE,LOGAN,Nebraska
31115,NE,LOUP,Nebraska
31117,NE,MCPHERSON,Nebraska
31119,NE,MADISON,Nebraska
31121,NE,MERRICK,Nebraska
31123,NE,MORRILL,Nebraska
31125,NE,NANCE,Nebraska
31127,NE,NEMAHA,Nebraska
31129,NE,NUCKOLLS,Nebraska
31131,NE,OTOE,Nebraska
31133,NE,PAWNEE,Nebraska
31135,NE,PERKINS,Nebraska
31137,NE,PHELPS,Nebraska
31139,NE,PIERCE,Nebraska
31141,NE,PLATTE,Nebraska
31143,NE,POLK,Nebraska
31145,NE,RED WILLOW,Nebraska
31147,NE,RICHARDSON,Nebraska
31149,NE,ROCK,Nebraska
31151,NE,SALINE,Nebraska
31153,NE,SARPY,Nebraska
31155,NE,SAUNDERS,Nebraska
31157,NE,SCOTTS BLUFF,Nebraska
31159,NE,SEWARD,Nebraska
31161,NE,SHERIDAN,Nebraska
31163,NE,SHERMAN,Nebraska
31165,NE,SIOUX,Nebraska
31167,NE,STANTON,Nebraska
31169,NE,THAYER,Nebraska
31171,NE,THOMAS,Nebraska
31173,NE,THURSTON,Nebraska
31175,NE,VALLEY,Nebraska
31177,NE,WASHINGTON,Nebraska
31179,NE,WAYNE,Nebraska
31181,NE,WEBSTER,Nebraska
31183,NE,WHEELER,Nebraska
31185,NE,YORK,Nebraska
38001,ND,ADAMS,North Dakota
38003,ND,BARNES,North Dakota
38005,ND,BENSON,North Dakota
38007,ND,BILLINGS,North Dakota
38009,ND,BOTTINEAU,North Dakota
38011,ND,BOWMAN,North Dakota
38013,ND,BURKE,North Dakota
38015,ND,BURLEIGH,North Dakota
38017,ND,CASS,North Dakota
38019,ND,CAVALIER,North Dakota
38021,ND,DICKEY,North Dakota
38023,ND,DIVIDE,North Dakota
38025,ND,DUNN,North Dakota
38027,ND,EDDY,North Dakota
38029,ND,EMMONS,North Dakota
38031,ND,FOSTER,North Dakota
38033,ND,GOLDEN VALLEY,North Dakota
38035,ND,GRAND FORKS,North Dakota
38037,ND,GRANT,North Dakota
38039,ND,GRIGGS,North Dakota
38041,ND,HETTINGER,North Dakota
38043,ND,KIDDER,North Dakota
38047,ND,LOGAN,North Dakota
38049,ND,MCHENRY,North Dakota
38051,ND,MCINTOSH,North Dakota
38053,ND,MCKENZIE,North Dakota
38055,ND,MCLEAN,North Dakota
38057,ND,MERCER,North Dakota
38059,ND,MORTON,North Dakota
38061,ND,MOUNTRAIL,North Dakota
38063,ND,NELSON,North Dakota
38065,ND,OLIVER,North Dakota
38067,ND,PEMBINA,North Dakota
38069,ND,PIERCE,North Dakota
38071,ND,RAMSEY,North Dakota
38073,ND,RANSOM,North Dakota
38075,ND,RENVILLE,North Dakota
38077,ND,RICHLAND,North Dakota
38079,ND,ROLETTE,North Dakota
38081,ND,SARGENT,North Dakota
38083,ND,SHERIDAN,North Dakota
38085,ND,SIOUX,North Dakota
38087,ND,SLOPE,North Dakota
38089,ND,STARK,North Dakota
38091,ND,STEELE,North Dakota
38093,ND,STUTSMAN,North Dakota
38095,ND,TOWNER,North Dakota
38097,ND,TRAILL,North Dakota
38099,ND,WALSH,North Dakota
38101,ND,WARD,North Dakota
38103,ND,WELLS,North Dakota
38105,ND,WILLIAMS,North Dakota
39001,OH,ADAMS,Ohio
39003,OH,ALLEN,Ohio
39005,OH,ASHLAND,Ohio
39007,OH,ASHTABULA,Ohio
39009,OH,ATHENS,Ohio
39011,OH,AUGLAIZE,Ohio
39013,OH,BELMONT,Ohio
39015,OH,BROWN,Ohio
39017,OH,BUTLER,Ohio
39019,OH,CARROLL,Ohio
39021,OH,CHAMPAIGN,Ohio
39023,OH,CLARK,Ohio
39025,OH,CLERMONT,Ohio
39027,OH,CLINTON,Ohio
39029,OH,COLUMBIANA,Ohio
39031,OH,COSHOCTON,Ohio
39033,OH,CRAWFORD,Ohio
39035,OH,CUYAHOGA,Ohio
39037,OH,DARKE,Ohio
39039,OH,DEFIANCE,Ohio
39041,OH,DELAWARE,Ohio
39043,OH,ERIE,Ohio
39045,OH,FAIRFIELD,Ohio
39047,OH,FAYETTE,Ohio
39049,OH,FRANKLIN,Ohio
39051,OH,FULTON,Ohio
39053,OH,GALLIA,Ohio
39055,OH,GEAUGA,Ohio
39057,OH,GREENE,Ohio
39059,OH,GUERNSEY,Ohio
39061,OH,HAMILTON,Ohio
39063,OH,HANCOCK,Ohio
39065,OH,HARDIN,Ohio
39067,OH,HARRISON,Ohio
39069,OH,HENRY,Ohio
39071,OH,HIGHLAND,Ohio
39073,OH,HOCKING,Ohio
39075,OH,HOLMES,Ohio
39077,OH,HURON,Ohio
39079,OH,JACKSON,Ohio
39081,OH,JEFFERSON,Ohio
39083,OH,KNOX,Ohio
39085,OH,LAKE,Ohio
39087,OH,LAWRENCE,Ohio
39089,OH,LICKING,Ohio
39091,OH,LOGAN,Ohio
39093,OH,LORAIN,Ohio
39095,OH,LUCAS,Ohio
39097,OH,MADISON,Ohio
39099,OH,MAHONING,Ohio
39101,OH,MARION,Ohio
39103,OH,MEDINA,Ohio
39105,OH,MEIGS,Ohio
39107,OH,MERCER,Ohio
39109,OH,MIAMI,Ohio
39111,OH,MONROE,Ohio
39113,OH,MONTGOMERY,Ohio
39115,OH,MORGAN,Ohio
39117,OH,MORROW,Ohio
39119,OH,MUSKINGUM,Ohio
39121,OH,NOBLE,Ohio
39123,OH,OTTAWA,Ohio
39125,OH,PAULDING,Ohio
39127,OH,PERRY,Ohio
39129,OH,PICKAWAY,Ohio
39131,OH,PIKE,Ohio
39133,OH,PORTAGE,Ohio
39135,OH,PREBLE,Ohio
39137,OH,PUTNAM,Ohio
39139,OH,RICHLAND,Ohio
39141,OH,ROSS,Ohio
39143,OH,SANDUSKY,Ohio
39145,OH,SCIOTO,Ohio
39147,OH,SENECA,Ohio
39149,OH,SHELBY,Ohio
39151,OH,STARK,Ohio
39153,OH,SUMMIT,Ohio
39155,OH,TRUMBULL,Ohio
39157,OH,TUSCARAWAS,Ohio
39159,OH,UNION,Ohio
39161,OH,VAN WERT,Ohio
39163,OH,VINTON,Ohio
39165,OH,WARREN,Ohio
39167,OH,WASHINGTON,Ohio
39169,OH,WAYNE,Ohio
39171,OH,WILLIAMS,Ohio
39173,OH,WOOD,Ohio
39175,OH,WYANDOT,Ohio
46003,SD,AURORA,South Dakota
46005,SD,BEADLE,South Dakota
46007,SD,BENNETT,South Dakota
46009,SD,BON HOMME,South Dakota
46011,SD,BROOKINGS,South Dakota
46013,SD,BROWN,South Dakota
46015,SD,BRULE,South Dakota
46017,SD,BUFFALO,South Dakota
46019,SD,BUTTE,South Dakota
46021,SD,CAMPBELL,South Dakota
46023,SD,CHARLES MIX,South Dakota
46025,SD,CLARK,South Dakota
46027,SD,CLAY,South Dakota
46029,SD,CODINGTON,South Dakota
46031,SD,CORSON,South Dakota
46033,SD,CUSTER,South Dakota
46035,SD,DAVISON,South Dakota
46037,SD,DAY,South Dakota
46039,SD,DEUEL,South Dakota
46041,SD,DEWEY,South Dakota
46043,SD,DOUGLAS,South Dakota
46045,SD,EDMUNDS,South Dakota
46047,SD,FALL RIVER,South Dakota
46049,SD,FAULK,South Dakota
46051,SD,GRANT,South Dakota
46053,SD,GREGORY,South Dakota
46055,SD,HAAKON,South Dakota
46057,SD,HAMLIN,South Dakota
46059,SD,HAND,South Dakota
46061,SD,HANSON,South Dakota
46063,SD,HARDING,South Dakota
46065,SD,HUGHES,South Dakota
46067,SD,HUTCHINSON,South Dakota
46069,SD,HYDE,South Dakota
46071,SD,JACKSON,South Dakota
46073,SD,JERAULD,South Dakota
46075,SD,JONES,South Dakota
46077,SD,KINGSBURY,South Dakota
46079,SD,LAKE,South Dakota
46081,SD,LAWRENCE,South Dakota
46083,SD,LINCOLN,South Dakota
46085,SD,LYMAN,South Dakota
46087,SD,MCCOOK,South Dakota
46089,SD,MCPHERSON,South Dakota
46091,SD,MARSHALL,South Dakota
46093,SD,MEADE,South Dakota
46095,SD,MELLETTE,South Dakota
46097,SD,MINER,South Dakota
46099,SD,MINNEHAHA,South Dakota
46101,SD,MOODY,South Dakota
46102,SD,OGLALA LAKOTA,South Dakota
46103,SD,PENNINGTON,South Dakota
46105,SD,PERKINS,South Dakota
46107,SD,POTTER,South Dakota
46109,SD,ROBERTS,South Dakota
46111,SD,SANBORN,South Dakota
46115,SD,SPINK,South Dakota
46117,SD,STANLEY,South Dakota
46119,SD,SULLY,South Dakota
46121,SD,TODD,South Dakota
46123,SD,TRIPP,South Dakota
46125,SD,TURNER,South Dakota
46127,SD,UNION,South Dakota
46129,SD,WALWORTH,South Dakota
46135,SD,YANKTON,South Dakota
46137,SD,ZIEBACH,South Dakota
55001,WI,ADAMS,Wisconsin
55003,WI,ASHLAND,Wisconsin
55005,WI,BARRON,Wisconsin
55007,WI,BAYFIELD,Wisconsin
55009,WI,BROWN,Wisconsin
55011,WI,BUFFALO,Wisconsin
55013,WI,BURNETT,Wisconsin
55015,WI,CALUMET,Wisconsin
55017,WI,CHIPPEWA,Wisconsin
55019,WI,CLARK,Wisconsin
55021,WI,COLUMBIA,Wisconsin
55023,WI,CRAWFORD,Wisconsin
55025,WI,DANE,Wisconsin
55027,WI,DODGE,Wisconsin
55029,WI,DOOR,Wisconsin
55031,WI,DOUGLAS,Wisconsin
55033,WI,DUNN,Wisconsin
55035,WI,EAU CLAIRE,Wisconsin
55037,WI,FLORENCE,Wisconsin
55039,WI,FOND DU LAC,Wisconsin
55041,WI,FOREST,Wisconsin
55043,WI,GRANT,Wisconsin
55045,WI,GREEN,Wisconsin
55047,WI,GREEN LAKE,Wisconsin
55049,WI,IOWA,Wisconsin
55051,WI,IRON,Wisconsin
55053,WI,JACKSON,Wisconsin
55055,WI,JEFFERSON,Wisconsin
55057,WI,JUNEAU,Wisconsin
55059,WI,KENOSHA,Wisconsin
55061,WI,KEWAUNEE,Wisconsin
55063,WI,LA CROSSE,Wisconsin
55065,WI,LAFAYETTE,Wisconsin
55067,WI,LANGLADE,Wisconsin
55069,WI,LINCOLN,Wisconsin
55071,WI,MANITOWOC,Wisconsin
55073,WI,MARATHON,Wisconsin
55075,WI,MARINETTE,Wisconsin
55077,WI,MARQUETTE,Wisconsin
55079,WI,MILWAUKEE,Wisconsin
55081,WI,MONROE,Wisconsin
55083,WI,OCONTO,Wisconsin
55085,WI,ONEIDA,Wisconsin
55087,WI,OUTAGAMIE,Wisconsin
55089,WI,OZAUKEE,Wisconsin
55091,WI,PEPIN,Wisconsin
55093,WI,PIERCE,Wisconsin
55095,WI,POLK,Wisconsin
55097,WI,PORTAGE,Wisconsin
55099,WI,PRICE,Wisconsin
55101,WI,RACINE,Wisconsin
55103,WI,RICHLAND,Wisconsin
55105,WI,ROCK,Wisconsin
55107,WI,RUSK,Wisconsin
55111,WI,SAUK,Wisconsin
55113,WI,SAWYER,Wisconsin
55115,WI,SHAWANO,Wisconsin
55117,WI,SHEBOYGAN,Wisconsin
55119,WI,TAYLOR,Wisconsin
55121,WI,TREMPEALEAU,Wisconsin
55123,WI,VERNON,Wisconsin
55125,WI,VILAS,Wisconsin
55127,WI,WALWORTH,Wisconsin
55129,WI,WASHBURN,Wisconsin
55131,WI,WASHINGTON,Wisconsin
55133,WI,WAUKESHA,Wisconsin
55135,WI,WAUPACA,Wisconsin
55137,WI,WAUSHARA,Wisconsin
55139,WI,WINNEBAGO,Wisconsin
55141,WI,WOOD,Wisconsin
